{
  "anchors": [
    2.41,
    2.53,
    3.53,
    3.5,
    0.95,
    0.97,
    4.72,
    4.72,
    1.88,
    1.88
  ],
  "inputs": {
    "input0": [
      224,
      224,
      3
    ]
  },
  "outputs": {
    "output0": [
      7,
      7,
      30
    ]
  },
  "params_quantity": 1856046,
  "loss": [
    [
      1,
      0.96775
    ],
    [
      2,
      1.33922
    ],
    [
      3,
      1.7647
    ],
    [
      4,
      0.99385
    ],
    [
      5,
      0.71491
    ],
    [
      6,
      0.34231
    ],
    [
      7,
      0.17674
    ],
    [
      8,
      0.12284
    ],
    [
      9,
      0.10301
    ],
    [
      10,
      0.07929
    ],
    [
      11,
      0.06852
    ],
    [
      12,
      0.06496
    ],
    [
      13,
      0.05849
    ],
    [
      14,
      0.05007
    ],
    [
      15,
      0.051
    ],
    [
      16,
      0.07256
    ],
    [
      17,
      0.05967
    ],
    [
      18,
      0.03704
    ],
    [
      19,
      0.03195
    ],
    [
      20,
      0.02951
    ],
    [
      21,
      0.0336
    ],
    [
      22,
      0.03221
    ],
    [
      23,
      0.02337
    ],
    [
      24,
      0.02044
    ],
    [
      25,
      0.01854
    ],
    [
      26,
      0.01633
    ],
    [
      27,
      0.01472
    ],
    [
      28,
      0.01359
    ],
    [
      29,
      0.01242
    ],
    [
      30,
      0.01288
    ],
    [
      31,
      0.01032
    ],
    [
      32,
      0.01085
    ],
    [
      33,
      0.01103
    ],
    [
      34,
      0.00972
    ],
    [
      35,
      0.00902
    ],
    [
      36,
      0.00824
    ],
    [
      37,
      0.00794
    ],
    [
      38,
      0.0079
    ],
    [
      39,
      0.00741
    ],
    [
      40,
      0.00768
    ],
    [
      41,
      0.00729
    ],
    [
      42,
      0.00731
    ],
    [
      43,
      0.00752
    ],
    [
      44,
      0.00842
    ],
    [
      45,
      0.00831
    ],
    [
      46,
      0.00744
    ],
    [
      47,
      0.0073
    ],
    [
      48,
      0.00652
    ],
    [
      49,
      0.00641
    ],
    [
      50,
      0.00594
    ],
    [
      51,
      0.00606
    ],
    [
      52,
      0.00569
    ],
    [
      53,
      0.00556
    ],
    [
      54,
      0.0055
    ],
    [
      55,
      0.00506
    ],
    [
      56,
      0.00528
    ],
    [
      57,
      0.00501
    ],
    [
      58,
      0.00533
    ],
    [
      59,
      0.005
    ],
    [
      60,
      0.00524
    ],
    [
      61,
      0.00535
    ],
    [
      62,
      0.00508
    ],
    [
      63,
      0.00506
    ],
    [
      64,
      0.00469
    ],
    [
      65,
      0.0045
    ],
    [
      66,
      0.00489
    ],
    [
      67,
      0.0047
    ],
    [
      68,
      0.00438
    ],
    [
      69,
      0.00439
    ],
    [
      70,
      0.00421
    ],
    [
      71,
      0.00417
    ],
    [
      72,
      0.0041
    ],
    [
      73,
      0.00446
    ],
    [
      74,
      0.00418
    ],
    [
      75,
      0.00388
    ],
    [
      76,
      0.00353
    ],
    [
      77,
      0.00382
    ],
    [
      78,
      0.00365
    ],
    [
      79,
      0.0038
    ],
    [
      80,
      0.00372
    ],
    [
      81,
      0.00359
    ],
    [
      82,
      0.00344
    ],
    [
      83,
      0.00344
    ],
    [
      84,
      0.00355
    ],
    [
      85,
      0.00333
    ],
    [
      86,
      0.0036
    ],
    [
      87,
      0.00348
    ],
    [
      88,
      0.00359
    ],
    [
      89,
      0.0034
    ],
    [
      90,
      0.00327
    ],
    [
      91,
      0.00353
    ],
    [
      92,
      0.00326
    ],
    [
      93,
      0.00329
    ],
    [
      94,
      0.0033
    ],
    [
      95,
      0.00311
    ],
    [
      96,
      0.00312
    ],
    [
      97,
      0.00293
    ],
    [
      98,
      0.0031
    ],
    [
      99,
      0.00306
    ],
    [
      100,
      0.0029
    ]
  ],
  "acc": [
    [
      1,
      0.25093
    ],
    [
      2,
      0.34535
    ],
    [
      3,
      0.35453
    ],
    [
      4,
      0.27743
    ],
    [
      5,
      0.31814
    ],
    [
      6,
      0.23115
    ],
    [
      7,
      0.15498
    ],
    [
      8,
      0.16235
    ],
    [
      9,
      0.15746
    ],
    [
      10,
      0.15531
    ],
    [
      11,
      0.15983
    ],
    [
      12,
      0.17766
    ],
    [
      13,
      0.19604
    ],
    [
      14,
      0.20191
    ],
    [
      15,
      0.18847
    ],
    [
      16,
      0.18122
    ],
    [
      17,
      0.18733
    ],
    [
      18,
      0.19381
    ],
    [
      19,
      0.1999
    ],
    [
      20,
      0.2016
    ],
    [
      21,
      0.20124
    ],
    [
      22,
      0.20067
    ],
    [
      23,
      0.19795
    ],
    [
      24,
      0.20394
    ],
    [
      25,
      0.20812
    ],
    [
      26,
      0.21017
    ],
    [
      27,
      0.21365
    ],
    [
      28,
      0.21901
    ],
    [
      29,
      0.21895
    ],
    [
      30,
      0.22065
    ],
    [
      31,
      0.22016
    ],
    [
      32,
      0.22433
    ],
    [
      33,
      0.22406
    ],
    [
      34,
      0.22339
    ],
    [
      35,
      0.2187
    ],
    [
      36,
      0.21956
    ],
    [
      37,
      0.22104
    ],
    [
      38,
      0.22406
    ],
    [
      39,
      0.22189
    ],
    [
      40,
      0.22571
    ],
    [
      41,
      0.2236
    ],
    [
      42,
      0.2212
    ],
    [
      43,
      0.21718
    ],
    [
      44,
      0.21836
    ],
    [
      45,
      0.21824
    ],
    [
      46,
      0.22092
    ],
    [
      47,
      0.21874
    ],
    [
      48,
      0.22126
    ],
    [
      49,
      0.22138
    ],
    [
      50,
      0.22213
    ],
    [
      51,
      0.22388
    ],
    [
      52,
      0.22518
    ],
    [
      53,
      0.22445
    ],
    [
      54,
      0.22234
    ],
    [
      55,
      0.22317
    ],
    [
      56,
      0.22258
    ],
    [
      57,
      0.22599
    ],
    [
      58,
      0.22701
    ],
    [
      59,
      0.22884
    ],
    [
      60,
      0.22668
    ],
    [
      61,
      0.22504
    ],
    [
      62,
      0.22358
    ],
    [
      63,
      0.22534
    ],
    [
      64,
      0.22534
    ],
    [
      65,
      0.22498
    ],
    [
      66,
      0.2263
    ],
    [
      67,
      0.22585
    ],
    [
      68,
      0.22345
    ],
    [
      69,
      0.22244
    ],
    [
      70,
      0.22354
    ],
    [
      71,
      0.22179
    ],
    [
      72,
      0.2214
    ],
    [
      73,
      0.22077
    ],
    [
      74,
      0.22023
    ],
    [
      75,
      0.22309
    ],
    [
      76,
      0.22179
    ],
    [
      77,
      0.22199
    ],
    [
      78,
      0.22201
    ],
    [
      79,
      0.22228
    ],
    [
      80,
      0.22175
    ],
    [
      81,
      0.22069
    ],
    [
      82,
      0.22187
    ],
    [
      83,
      0.22165
    ],
    [
      84,
      0.22224
    ],
    [
      85,
      0.22234
    ],
    [
      86,
      0.2226
    ],
    [
      87,
      0.22199
    ],
    [
      88,
      0.22256
    ],
    [
      89,
      0.21943
    ],
    [
      90,
      0.22112
    ],
    [
      91,
      0.2209
    ],
    [
      92,
      0.21968
    ],
    [
      93,
      0.22006
    ],
    [
      94,
      0.22047
    ],
    [
      95,
      0.22077
    ],
    [
      96,
      0.22077
    ],
    [
      97,
      0.22207
    ],
    [
      98,
      0.2196
    ],
    [
      99,
      0.22039
    ],
    [
      100,
      0.22185
    ]
  ],