{
  "anchors": [
    2.62,
    2.61,
    1.75,
    1.88,
    1.09,
    1.12,
    0.81,
    0.81,
    4.09,
    3.94
  ],
  "inputs": {
    "input0": [
      224,
      224,
      3
    ]
  },
  "outputs": {
    "output0": [
      7,
      7,
      30
    ]
  },
  "params_quantity": 1856046,
  "loss": [
    [
      1,
      0.98272
    ],
    [
      2,
      0.85351
    ],
    [
      3,
      0.49968
    ],
    [
      4,
      0.33433
    ],
    [
      5,
      0.22298
    ],
    [
      6,
      0.27484
    ],
    [
      7,
      0.18822
    ],
    [
      8,
      0.13956
    ],
    [
      9,
      0.1208
    ],
    [
      10,
      0.10785
    ],
    [
      11,
      0.09894
    ],
    [
      12,
      0.09336
    ],
    [
      13,
      0.08798
    ],
    [
      14,
      0.08285
    ],
    [
      15,
      0.08233
    ],
    [
      16,
      0.07977
    ],
    [
      17,
      0.07959
    ],
    [
      18,
      0.07643
    ],
    [
      19,
      0.07502
    ],
    [
      20,
      0.07313
    ]
  ],
  "acc": [
    [
      1,
      0.30696
    ],
    [
      2,
      0.36839
    ],
    [
      3,
      0.40344
    ],
    [
      4,
      0.38946
    ],
    [
      5,
      0.39774
    ],
    [
      6,
      0.27261
    ],
    [
      7,
      0.2797
    ],
    [
      8,
      0.2883
    ],
    [
      9,
      0.29635
    ],
    [
      10,
      0.2999
    ],
    [
      11,
      0.30043
    ],
    [
      12,
      0.31167
    ],
    [
      13,
      0.31484
    ],
    [
      14,
      0.3097
    ],
    [
      15,
      0.31305
    ],
    [
      16,
      0.31372
    ],
    [
      17,
      0.3174
    ],
    [
      18,
      0.31892
    ],
    [
      19,
      0.31698
    ],
    [
      20,
      0.31934
    ]
  ],
  "lr": [
    [
      1,
      0.001
    ],
    [
      2,
      0.00089
    ],
    [
      3,
      0.00079
    ],
    [
      4,
      0.00071
    ],
    [
      5,
      0.00063
    ],
    [
      6,
      0.00056
    ],
    [
      7,
      0.0005
    ],
    [
      8,
      0.00045
    ],
    [
      9,
      0.0004
    ],
    [
      10,
      0.00035
    ],
    [
      11,
      0.00032
    ],
    [
      12,
      0.00028
    ],
    [
      13,
      0.00025
    ],
    [
      14,
      0.00022
    ],
    [
      15,
      0.0002
    ],
    [
      16,
      0.00018
    ],
    [
      17,
      0.00016
    ],
    [
      18,
      0.00014
    ],
    [
      19,
      0.00013
    ],
    [
      20,
      0.00011
    ]
  ],
  "val_acc": [
    [
      10,
      0.09091
    ],
    [
      20,
      0.45455
    ]
  ],
  "AP_stop": [
    [
      10,
      0.09091
    ],
    [
      20,
      0.45455
    ]
  ],
  "mean": 123.5,
  "std": 58.395,
  "label_type": "detection",
  "data_type": "image",
  "labels": [
    "stop"
  ],
  "best_eval": {
    "epoch": 20,
    "val_acc": 0.455,
    "val_info": [
      {
        "name": "dd0497125d10474c9ee5cd233b39ac70.jpg",
        "nickname": "images - 2025-02-18T155539.652_56.jpg",
        "pred": [
          [
            47,
            0,
            245,
            163,
            0.7712754011154175,
            0.0
          ]
        ],
        "gt": [
          [
            47,
            0,
            248,
            160,
            1.0,
            0.0
          ]
        ],
        "ok": true
      },
      {
        "name": "ee4c0925f2ef42138871655e81b925b8.jpg",
        "nickname": "images - 2025-02-18T155638.064_68.jpg",
        "pred": [
          [
            61,
            6,
            197,
            164,
            0.5913506150245667,
            0.0
          ]
        ],
        "gt": [
          [
            64,
            1,
            194,
            166,
            1.0,
            0.0
          ]
        ],
        "ok": true
      },
      {
        "name": "acb969ef0c3f4279bf8a971a83991c8f.jpg",
        "nickname": "images - 2025-02-18T155128.047_9.jpg",
        "pred": [
          [
            119,
            34,
            247,
            144,
            0.6275236010551453,
            0.0
          ]
        ],
        "gt": [
          [
            122,
            36,
            245,
            144,
            1.0,
            0.0
          ]
        ],
        "ok": true
      },
      {
        "name": "c13d57c742b64139892804ef53f39426.jpg",
        "nickname": "images - 2025-02-18T155830.577_92.jpg",
        "pred": [],
        "gt": [
          [
            49,
            69,
            105,
            135,
            1.0,
            0.0
          ]
        ],
        "ok": false
      },
      {
        "name": "da9dd12ce2614b2c8ea3dd7b659e8cc1.jpg",
        "nickname": "images - 2025-02-18T155708.607_71.jpg",
        "pred": [],
        "gt": [
          [
            114,
            0,
            245,
            105,
            1.0,
            0.0
          ]
        ],
        "ok": false
      },
      {
        "name": "8d58d8b6e35e4aadb8040a40daf37101.jpg",
        "nickname": "images - 2025-02-18T155410.820_34.jpg",
        "pred": [],
        "gt": [
          [
            165,
            39,
            198,
            73,
            1.0,
            0.0
          ]
        ],
        "ok": false
      }
    ]
  }
}